{
  "mockpreview": {
    "mockUri": "/sap/opu/odata/sap/EPM_REF_APPS_SHOP_SRV/",
    "loadCustomRequests": true,
    "loadJSONFiles": true,
    "metadataFilePath": "model/metadata.xml",
    "mockRequestsFilePath": ""
  },
  "generation": [
    {
      "templateId": "fiorireferenceapps.shop",
      "templateVersion": "1.0.1",
      "dateTimeStamp": "Thu, 17 Sep 2015 12:34:38 GMT"
    }
  ],
  "translation": {
    "supportedLanguages": "de,en,es,fr,it,ja",
    "defaultLanguage": "en",
    "defaultI18NPropertyFile": "i18n.properties",
    "translationDomain": "BC"
  }
}
