{
  "routes": [
    {
      "path": "/resources",
      "target": {
        "type": "service",
        "name": "sapui5",
        "entryPath": "/resources",
        "preferLocal": true
      },
      "description": "SAPUI5 dist layer resources"
    },
    {
      "path": "/test-resources",
      "target": {
        "type": "service",
        "name": "sapui5",
        "entryPath": "/test-resources",
        "preferLocal": true
      },
      "description": "SAPUI5 Dist layer test resources"
    }
  ]
}